cluster,verdadeiras_antes,falsas_antes,verdadeiras_depois,falsas_depois,fracao_falsa_antes,fracao_falsa_depois
0,2,9,2,9,0.8181818181818182,0.8181818181818182
1,18,2,18,2,0.1,0.1
2,17,38,17,38,0.6909090909090909,0.6909090909090909
3,6,9,6,9,0.6,0.6
4,8,9,8,9,0.5294117647058824,0.5294117647058824
5,6,13,6,13,0.6842105263157895,0.6842105263157895
6,16,7,16,7,0.30434782608695654,0.30434782608695654
7,3,18,3,18,0.8571428571428571,0.8571428571428571
8,168,170,168,74,0.5029585798816568,0.30578512396694213
9,3,20,3,20,0.8695652173913043,0.8695652173913043
10,9,11,9,11,0.55,0.55
11,37,10,37,10,0.2127659574468085,0.2127659574468085
12,54,24,54,24,0.3076923076923077,0.3076923076923077
13,5,5,5,5,0.5,0.5
14,28,27,28,27,0.4909090909090909,0.4909090909090909
15,8,18,8,18,0.6923076923076923,0.6923076923076923
16,35,104,35,74,0.7482014388489209,0.6788990825688074
17,6,21,6,21,0.7777777777777778,0.7777777777777778
18,5,5,5,5,0.5,0.5
19,15,17,15,17,0.53125,0.53125
20,6,37,6,37,0.8604651162790697,0.8604651162790697
21,8,3,8,3,0.2727272727272727,0.2727272727272727
22,10,12,10,12,0.5454545454545454,0.5454545454545454
23,1,14,1,14,0.9333333333333333,0.9333333333333333
24,13,8,13,8,0.38095238095238093,0.38095238095238093
25,10,22,10,22,0.6875,0.6875
26,22,7,22,7,0.2413793103448276,0.2413793103448276
27,14,22,14,22,0.6111111111111112,0.6111111111111112
28,2,13,2,13,0.8666666666666667,0.8666666666666667
29,39,25,39,25,0.390625,0.390625
