id,classe,palavras,caracteres
1,fake,151,838
10,fake,254,1520
100,fake,275,1673
1000,fake,572,3770
1001,fake,111,668
1002,fake,93,621
1003,fake,96,622
1004,fake,209,1326
1005,fake,79,451
1006,fake,188,1067
1007,fake,255,1491
1008,fake,151,972
1009,fake,182,980
101,fake,152,1001
1010,fake,97,616
1011,fake,719,4314
1012,fake,175,1081
1013,fake,103,624
1014,fake,478,2973
1015,fake,184,1093
1016,fake,219,1321
1017,fake,85,512
1018,fake,127,716
1019,fake,170,1038
102,fake,156,876
1020,fake,185,1121
1021,fake,369,2224
1022,fake,144,920
1023,fake,198,1163
1024,fake,97,642
1025,fake,71,410
1026,fake,239,1504
1027,fake,99,607
1028,fake,122,691
1029,fake,88,545
103,fake,160,935
1030,fake,87,528
1031,fake,84,520
1032,fake,129,771
1033,fake,118,729
1034,fake,191,1206
1035,fake,167,1087
1036,fake,96,630
1037,fake,278,1670
1038,fake,93,576
1039,fake,120,773
104,fake,488,2794
1040,fake,95,580
1041,fake,103,563
1042,fake,75,443
1043,fake,217,1337
1044,fake,63,376
1045,fake,165,996
1046,fake,284,1763
1047,fake,186,1140
1048,fake,91,579
1049,fake,91,554
105,fake,720,4249
1050,fake,130,763
1051,fake,170,968
1052,fake,182,1068
1053,fake,548,3442
1054,fake,154,909
1055,fake,73,450
1056,fake,167,1065
1057,fake,224,1389
1058,fake,84,516
1059,fake,299,1886
106,fake,248,1493
1060,fake,136,753
1061,fake,291,1676
1062,fake,109,655
1063,fake,173,1044
1064,fake,149,849
1065,fake,166,956
1066,fake,232,1358
1067,fake,178,1091
1068,fake,235,1402
1069,fake,133,835
107,fake,262,1658
1070,fake,19,118
1071,fake,200,1288
1072,fake,232,1343
1073,fake,132,812
1074,fake,142,865
1075,fake,242,1434
1076,fake,93,539
1077,fake,273,1784
1078,fake,131,800
1079,fake,185,1107
108,fake,182,1032
1080,fake,199,1258
1081,fake,96,527
1082,fake,112,699
1083,fake,154,923
1084,fake,93,585
1085,fake,137,812
1086,fake,232,1461
1087,fake,301,1945
1088,fake,118,712
1089,fake,143,888
109,fake,385,2317
1090,fake,197,1290
1091,fake,181,1105
1092,fake,183,1112
1093,fake,108,636
1094,fake,100,637
1095,fake,14,75
1096,fake,65,401
1097,fake,207,1198
1098,fake,194,1251
1099,fake,133,805
11,fake,185,1119
110,fake,146,900
1100,fake,117,704
1101,fake,129,810
1102,fake,281,1651
1103,fake,164,949
1104,fake,144,860
1105,fake,120,747
1106,fake,210,1311
1107,fake,291,1753
1108,fake,188,1150
1109,fake,138,863
111,fake,230,1318
1110,fake,205,1195
1111,fake,103,651
1112,fake,593,3550
1113,fake,212,1389
1114,fake,96,612
1115,fake,397,2374
1116,fake,266,1622
1117,fake,69,473
1118,fake,362,2275
1119,fake,96,638
112,fake,142,866
1120,fake,186,1101
1121,fake,135,788
1122,fake,86,486
1123,fake,160,991
1124,fake,378,2315
1125,fake,137,822
1126,fake,182,1093
1127,fake,95,584
1128,fake,198,1185
1129,fake,257,1472
113,fake,352,2051
1130,fake,515,3160
1131,fake,200,1221
1132,fake,65,395
1133,fake,237,1391
1134,fake,145,880
1135,fake,122,780
1136,fake,182,1142
1137,fake,98,636
1138,fake,110,660
1139,fake,113,652
114,fake,332,2153
1140,fake,138,814
1141,fake,127,753
1142,fake,17,102
1143,fake,164,992
1144,fake,153,902
1145,fake,28,175
1146,fake,128,776
1147,fake,346,2128
1148,fake,152,894
1149,fake,179,1145
115,fake,253,1471
1150,fake,208,1242
1151,fake,184,1133
1152,fake,30,199
1153,fake,107,587
1154,fake,152,944
1155,fake,156,849
1156,fake,139,790
1157,fake,481,2747
1158,fake,229,1355
1159,fake,204,1190
116,fake,315,1889
1160,fake,100,614
1161,fake,136,839
1162,fake,159,917
1163,fake,171,980
1164,fake,139,882
1165,fake,393,2457
1166,fake,157,951
1167,fake,121,745
1168,fake,66,387
1169,fake,243,1522
117,fake,312,1961
1170,fake,152,894
1171,fake,137,775
1172,fake,128,833
1173,fake,208,1249
1174,fake,118,741
1175,fake,246,1409
1176,fake,135,735
1177,fake,151,897
1178,fake,189,1211
1179,fake,149,957
118,fake,240,1535
1180,fake,89,587
1181,fake,174,1030
1182,fake,217,1340
1183,fake,40,267
1184,fake,159,961
1185,fake,154,923
1186,fake,234,1422
1187,fake,116,770
1188,fake,133,760
1189,fake,252,1536
119,fake,280,1612
1190,fake,176,1042
1191,fake,140,877
1192,fake,138,868
1193,fake,94,581
1194,fake,95,629
1195,fake,66,425
1196,fake,200,1218
1197,fake,97,586
1198,fake,88,504
1199,fake,163,1000
12,fake,235,1357
120,fake,596,3489
1200,fake,79,514
1201,fake,119,784
1202,fake,188,1108
1203,fake,134,780
1204,fake,251,1583
1205,fake,201,1187
1206,fake,40,239
1207,fake,98,666
1208,fake,184,1063
1209,fake,177,1061
121,fake,333,1994
1210,fake,279,1692
1211,fake,201,1233
1212,fake,104,624
1213,fake,147,919
1214,fake,103,654
1215,fake,116,693
1216,fake,152,957
1217,fake,177,1020
1218,fake,248,1576
1219,fake,135,793
122,fake,203,1266
1220,fake,133,894
1221,fake,86,523
1222,fake,218,1412
1223,fake,230,1347
1224,fake,140,801
1225,fake,156,882
1226,fake,275,1640
1227,fake,146,783
1228,fake,58,347
1229,fake,107,640
123,fake,408,2285
1230,fake,174,1082
1231,fake,118,771
1232,fake,89,526
1233,fake,24,163
1234,fake,87,567
1235,fake,119,735
1236,fake,125,775
1237,fake,173,1033
1238,fake,116,753
1239,fake,140,878
124,fake,282,1742
1240,fake,172,1069
1241,fake,19,107
1242,fake,83,470
1243,fake,10,61
1244,fake,148,941
1245,fake,206,1252
1246,fake,115,711
1247,fake,275,1642
1248,fake,230,1470
1249,fake,300,1847
125,fake,206,1241
1250,fake,91,541
1251,fake,146,903
1252,fake,346,2167
1253,fake,327,2112
1254,fake,167,1053
1255,fake,100,646
1256,fake,108,639
1257,fake,325,1907
1258,fake,286,1758
1259,fake,197,1232
126,fake,470,2959
1260,fake,145,871
1261,fake,186,1067
1262,fake,323,1939
1263,fake,101,627
1264,fake,270,1635
1265,fake,233,1326
1266,fake,272,1765
1267,fake,113,743
1268,fake,107,661
1269,fake,175,1047
127,fake,443,2833
1270,fake,87,535
1271,fake,138,842
1272,fake,156,972
1273,fake,108,657
1274,fake,398,2393
1275,fake,100,623
1276,fake,291,1762
1277,fake,342,2099
1278,fake,276,1593
1279,fake,159,953
128,fake,405,2355
1280,fake,173,1006
1281,fake,164,981
1282,fake,189,1145
1283,fake,129,833
1284,fake,278,1620
1285,fake,209,1217
1286,fake,147,896
1287,fake,279,1679
1288,fake,170,1017
1289,fake,102,535
129,fake,303,1960
1290,fake,128,752
1291,fake,272,1651
1292,fake,312,1800
1293,fake,87,505
1294,fake,18,102
1295,fake,145,973
1296,fake,230,1407
1297,fake,430,2622
1298,fake,298,1892
1299,fake,146,948
13,fake,257,1539
130,fake,281,1723
1300,fake,120,705
1301,fake,210,1300
1302,fake,219,1435
1303,fake,315,1904
1304,fake,141,852
1305,fake,125,775
1306,fake,166,1050
1307,fake,158,942
1308,fake,121,787
1309,fake,154,913
131,fake,309,1825
1310,fake,193,1169
1311,fake,137,834
1312,fake,130,734
1313,fake,229,1348
1314,fake,277,1639
1315,fake,72,463
1316,fake,453,2766
1317,fake,101,628
1318,fake,178,1059
1319,fake,187,1177
132,fake,314,1870
1320,fake,190,1150
1321,fake,209,1301
1322,fake,145,887
1323,fake,80,485
1324,fake,222,1269
1325,fake,276,1693
1326,fake,190,1088
1327,fake,145,863
1328,fake,297,1737
1329,fake,150,907
133,fake,416,2480
1330,fake,141,906
1331,fake,117,709
1332,fake,215,1284
1333,fake,270,1644
1334,fake,182,1123
1335,fake,108,710
1336,fake,184,1064
1337,fake,61,423
1338,fake,227,1440
1339,fake,152,934
134,fake,260,1547
1340,fake,30,210
1341,fake,236,1465
1342,fake,354,2112
1343,fake,120,723
1344,fake,162,948
1345,fake,138,871
1346,fake,176,1040
1347,fake,189,1197
1348,fake,155,990
1349,fake,106,684
135,fake,302,1878
1350,fake,183,1144
1351,fake,162,1054
1352,fake,274,1724
1353,fake,213,1283
1354,fake,186,1110
1355,fake,125,789
1356,fake,122,737
1357,fake,231,1444
1358,fake,70,450
1359,fake,235,1411
136,fake,335,1954
1360,fake,175,1038
1361,fake,146,876
1362,fake,237,1459
1363,fake,254,1567
1364,fake,386,2306
1365,fake,200,1269
1366,fake,135,856
1367,fake,152,884
1368,fake,174,1078
1369,fake,130,782
137,fake,463,2922
1370,fake,118,704
1371,fake,154,950
1372,fake,230,1408
1373,fake,172,1027
1374,fake,203,1146
1375,fake,125,761
1376,fake,424,2525
1377,fake,175,1039
1378,fake,164,966
1379,fake,87,554
138,fake,559,3349
1380,fake,126,727
1381,fake,23,121
1382,fake,159,973
1383,fake,175,1072
1384,fake,350,1937
1385,fake,211,1280
1386,fake,205,1258
1387,fake,166,995
1388,fake,134,906
1389,fake,177,1048
139,fake,259,1543
1390,fake,131,750
1391,fake,222,1346
1392,fake,265,1564
1393,fake,23,138
1394,fake,120,759
1395,fake,146,884
1396,fake,78,457
1397,fake,15,102
1398,fake,111,665
1399,fake,144,924
14,fake,111,669
140,fake,157,984
1400,fake,213,1244
1401,fake,147,848
1402,fake,131,774
1403,fake,275,1652
1404,fake,150,925
1405,fake,90,535
1406,fake,113,657
1407,fake,75,458
1408,fake,172,1088
1409,fake,88,545
141,fake,292,1704
1410,fake,131,758
1411,fake,179,1016
1412,fake,152,907
1413,fake,266,1473
1414,fake,186,1123
1415,fake,137,782
1416,fake,164,998
1417,fake,234,1333
1418,fake,197,1192
1419,fake,275,1734
142,fake,203,1144
1420,fake,287,1650
1421,fake,136,787
1422,fake,80,500
1423,fake,148,940
1424,fake,164,1020
1425,fake,48,345
1426,fake,275,1608
1427,fake,155,977
1428,fake,115,719
1429,fake,104,604
143,fake,318,1882
1430,fake,115,683
1431,fake,140,900
1432,fake,71,410
1433,fake,143,814
1434,fake,325,2026
1435,fake,187,1130
1436,fake,242,1458
1437,fake,128,719
1438,fake,161,995
1439,fake,172,969
144,fake,268,1734
1440,fake,115,734
1441,fake,166,1088
1442,fake,320,1865
1443,fake,129,821
1444,fake,182,1063
1445,fake,133,843
1446,fake,125,691
1447,fake,105,645
1448,fake,191,1129
1449,fake,114,774
145,fake,732,4520
1450,fake,149,928
1451,fake,236,1473
1452,fake,284,1752
1453,fake,230,1459
1454,fake,189,1096
1455,fake,183,1174
1456,fake,146,909
1457,fake,477,3033
1458,fake,100,592
1459,fake,214,1258
146,fake,193,1127
1460,fake,101,621
1461,fake,164,975
1462,fake,153,1002
1463,fake,92,590
1464,fake,181,1229
1465,fake,240,1445
1466,fake,156,1022
1467,fake,124,718
1468,fake,11,66
1469,fake,212,1304
147,fake,317,2007
1470,fake,219,1365
1471,fake,249,1482
1472,fake,146,849
1473,fake,234,1372
1474,fake,133,828
1475,fake,179,1019
1476,fake,83,519
1477,fake,144,884
1478,fake,128,760
1479,fake,284,1688
148,fake,269,1582
1480,fake,89,548
1481,fake,86,499
1482,fake,152,905
1483,fake,177,1081
1484,fake,119,714
1485,fake,136,821
1486,fake,136,852
1487,fake,270,1550
1488,fake,187,1150
1489,fake,165,1010
149,fake,482,2876
1490,fake,45,277
1491,fake,120,716
1492,fake,109,685
1493,fake,131,746
1494,fake,276,1644
1495,fake,121,725
1496,fake,253,1469
1497,fake,246,1485
1498,fake,202,1247
1499,fake,128,763
15,fake,130,782
150,fake,251,1566
1500,fake,179,1102
1501,fake,120,701
1502,fake,299,1655
1503,fake,194,1146
1504,fake,65,399
1505,fake,272,1657
1506,fake,153,949
1507,fake,149,920
1508,fake,154,1004
1509,fake,114,680
151,fake,197,1222
1510,fake,149,871
1511,fake,135,775
1512,fake,239,1398
1513,fake,123,699
1514,fake,304,1805
1515,fake,299,1900
1516,fake,131,767
1517,fake,21,112
1518,fake,126,743
1519,fake,222,1342
152,fake,154,927
1520,fake,120,807
1521,fake,168,977
1522,fake,246,1451
1523,fake,124,681
1524,fake,242,1416
1525,fake,300,1805
1526,fake,139,811
1527,fake,67,413
1528,fake,245,1424
1529,fake,203,1223
153,fake,438,2511
1530,fake,182,1194
1531,fake,148,899
1532,fake,184,1125
1533,fake,125,773
1534,fake,150,913
1535,fake,160,950
1536,fake,146,860
1537,fake,85,516
1538,fake,198,1198
1539,fake,299,1703
154,fake,144,877
1540,fake,218,1307
1541,fake,176,1040
1542,fake,87,520
1543,fake,192,1133
1544,fake,81,525
1545,fake,202,1162
1546,fake,163,975
1547,fake,64,403
1548,fake,226,1385
1549,fake,247,1460
155,fake,181,1188
1550,fake,237,1397
1551,fake,157,892
1552,fake,118,708
1553,fake,165,1057
1554,fake,155,919
1555,fake,149,895
1556,fake,135,847
1557,fake,109,601
1558,fake,134,825
1559,fake,109,731
156,fake,355,2197
1560,fake,104,560
1561,fake,193,1172
1562,fake,96,516
1563,fake,282,1698
1564,fake,180,1123
1565,fake,213,1364
1566,fake,232,1435
1567,fake,140,888
1568,fake,158,943
1569,fake,308,1804
157,fake,279,1720
1570,fake,84,519
1571,fake,126,765
1572,fake,126,803
1573,fake,165,981
1574,fake,77,471
1575,fake,155,938
1576,fake,210,1302
1577,fake,120,738
1578,fake,202,1187
1579,fake,185,1067
158,fake,231,1439
1580,fake,137,803
1581,fake,184,1085
1582,fake,137,798
1583,fake,119,701
1584,fake,259,1571
1585,fake,206,1282
1586,fake,118,771
1587,fake,262,1574
1588,fake,90,564
1589,fake,170,974
159,fake,605,3803
1590,fake,250,1454
1591,fake,201,1227
1592,fake,114,683
1593,fake,74,445
1594,fake,139,857
1595,fake,62,391
1596,fake,223,1296
1597,fake,187,1147
1598,fake,136,880
1599,fake,95,585
16,fake,314,1890
160,fake,322,2036
1600,fake,101,621
1601,fake,44,248
1602,fake,131,791
1603,fake,123,730
1604,fake,385,2243
1605,fake,398,2408
1606,fake,254,1484
1608,fake,216,1255
1609,fake,117,707
161,fake,243,1439
1610,fake,167,1049
1611,fake,92,573
1612,fake,165,1026
1613,fake,157,963
1614,fake,150,810
1615,fake,126,766
1616,fake,101,643
1617,fake,125,743
1618,fake,170,994
1619,fake,517,3193
162,fake,251,1425
1620,fake,83,491
1621,fake,126,816
1622,fake,248,1575
1623,fake,9,56
1624,fake,90,557
1625,fake,125,761
1626,fake,83,491
1627,fake,224,1412
1628,fake,112,666
1629,fake,101,584
163,fake,262,1657
1630,fake,136,799
1631,fake,102,627
1632,fake,127,754
1633,fake,156,928
1634,fake,177,1024
1635,fake,182,1050
1636,fake,106,624
1637,fake,261,1603
1638,fake,82,460
1639,fake,112,681
164,fake,487,3010
1640,fake,185,1162
1641,fake,215,1289
1642,fake,144,815
1643,fake,175,1030
1644,fake,124,712
1645,fake,137,812
1646,fake,203,1158
1647,fake,83,514
1648,fake,81,457
1649,fake,65,409
165,fake,268,1610
1650,fake,283,1655
1651,fake,122,732
1652,fake,107,661
1653,fake,140,848
1654,fake,200,1129
1655,fake,116,716
1656,fake,209,1358
1657,fake,162,1015
1658,fake,109,678
1659,fake,30,193
166,fake,343,2071
1660,fake,90,521
1661,fake,190,1098
1662,fake,205,1268
1663,fake,98,569
1664,fake,133,783
1665,fake,108,608
1666,fake,106,640
1667,fake,134,734
1668,fake,165,991
1669,fake,123,753
167,fake,132,754
1670,fake,358,2127
1671,fake,123,727
1672,fake,63,377
1673,fake,127,744
1674,fake,229,1352
1675,fake,101,644
1676,fake,111,667
1677,fake,186,1063
1678,fake,102,636
1679,fake,87,511
168,fake,224,1376
1680,fake,176,1037
1681,fake,75,481
1682,fake,140,774
1683,fake,125,740
1684,fake,117,732
1685,fake,85,475
1686,fake,205,1233
1687,fake,73,431
1688,fake,119,732
1689,fake,90,544
169,fake,176,997
1690,fake,122,711
1691,fake,173,993
1692,fake,107,613
1693,fake,159,952
1694,fake,120,662
1695,fake,135,745
1696,fake,124,715
1697,fake,85,508
1698,fake,35,202
1699,fake,132,762
17,fake,708,3849
170,fake,194,1130
1700,fake,181,1171
1701,fake,98,603
1702,fake,98,599
1703,fake,179,1083
1704,fake,125,786
1705,fake,76,455
1706,fake,164,985
1707,fake,129,780
1708,fake,310,2002
1709,fake,20,117
171,fake,310,1693
1710,fake,195,1223
1711,fake,162,977
1712,fake,111,740
1713,fake,223,1247
1714,fake,191,1119
1715,fake,192,1145
1716,fake,211,1262
1717,fake,144,860
1718,fake,177,981
1719,fake,71,448
172,fake,181,1062
1720,fake,267,1583
1721,fake,100,613
1722,fake,143,848
1723,fake,219,1284
1724,fake,134,832
1725,fake,95,524
1726,fake,195,1130
1727,fake,154,923
1728,fake,126,778
1729,fake,107,593
173,fake,200,1125
1730,fake,200,1113
1731,fake,176,1060
1732,fake,344,2075
1733,fake,149,875
1734,fake,93,561
1735,fake,181,1055
1736,fake,116,683
1737,fake,121,732
1738,fake,135,785
1739,fake,96,591
174,fake,132,788
1740,fake,446,2731
1741,fake,77,501
1742,fake,113,607
1743,fake,149,900
1744,fake,133,816
1745,fake,141,872
1746,fake,417,2585
1747,fake,166,1054
1748,fake,217,1309
1749,fake,198,1184
175,fake,282,1620
1750,fake,45,260
1751,fake,101,601
1752,fake,142,832
1753,fake,113,711
1754,fake,139,825
1755,fake,107,698
1756,fake,207,1417
1757,fake,95,639
1758,fake,336,2064
1759,fake,107,649
176,fake,510,3115
1760,fake,94,592
1761,fake,167,1044
1762,fake,248,1518
1763,fake,109,738
1764,fake,239,1396
1765,fake,229,1394
1766,fake,80,483
1767,fake,209,1368
1768,fake,159,883
1769,fake,168,938
177,fake,363,2142
1770,fake,100,585
1771,fake,128,771
1772,fake,182,1099
1773,fake,234,1324
1774,fake,143,935
1775,fake,116,735
1776,fake,195,1051
1777,fake,159,1012
1778,fake,143,948
1779,fake,123,744
178,fake,348,2181
1780,fake,153,965
1781,fake,297,1674
1782,fake,75,439
1783,fake,218,1314
1784,fake,177,1036
1785,fake,96,611
1786,fake,54,317
1787,fake,135,860
1788,fake,119,725
1789,fake,191,1161
179,fake,141,886
1790,fake,80,473
1791,fake,429,2767
1792,fake,42,225
1793,fake,92,596
1794,fake,261,1450
1795,fake,357,2112
1796,fake,63,395
1797,fake,356,2085
1798,fake,191,1232
1799,fake,62,384
18,fake,185,1097
180,fake,547,3081
1800,fake,110,679
1801,fake,666,3948
1802,fake,159,949
1803,fake,148,842
1804,fake,101,627
1805,fake,132,784
1806,fake,110,677
1807,fake,238,1406
1808,fake,161,972
1809,fake,112,676
181,fake,201,1177
1810,fake,80,474
1811,fake,113,680
1812,fake,219,1290
1813,fake,156,949
1814,fake,77,452
1815,fake,93,518
1816,fake,81,503
1817,fake,158,909
1818,fake,314,1978
1819,fake,67,406
182,fake,354,2083
1820,fake,24,130
1821,fake,153,987
1822,fake,107,663
1823,fake,132,824
1824,fake,176,1184
1825,fake,79,474
1826,fake,23,136
1827,fake,48,301
1828,fake,149,873
1829,fake,37,186
183,fake,366,2088
1830,fake,119,722
1831,fake,254,1411
1832,fake,78,493
1833,fake,163,998
1834,fake,332,1966
1835,fake,51,285
1836,fake,257,1563
1837,fake,237,1355
1838,fake,166,1013
1839,fake,127,774
184,fake,213,1250
1840,fake,262,1554
1841,fake,17,109
1842,fake,75,439
1843,fake,149,869
1844,fake,175,1165
1845,fake,98,667
1846,fake,97,616
1847,fake,180,1017
1848,fake,116,675
1849,fake,119,736
185,fake,301,1802
1850,fake,115,689
1851,fake,148,935
1852,fake,171,986
1853,fake,112,651
1854,fake,245,1484
1855,fake,97,610
1856,fake,122,755
1857,fake,235,1450
1858,fake,20,130
1859,fake,76,492
186,fake,173,1034
1860,fake,200,1189
1861,fake,71,394
1862,fake,97,598
1863,fake,548,3168
1864,fake,58,367
1865,fake,187,1115
1866,fake,121,715
1867,fake,149,927
1868,fake,96,618
1869,fake,138,869
187,fake,100,598
1870,fake,115,604
1871,fake,216,1360
1872,fake,40,237
1873,fake,318,1836
1874,fake,146,876
1875,fake,147,917
1876,fake,89,562
1877,fake,78,520
1878,fake,193,1160
1879,fake,54,336
188,fake,236,1387
1880,fake,68,412
1881,fake,323,2000
1882,fake,176,1104
1883,fake,117,690
1884,fake,106,695
1885,fake,307,1805
1886,fake,249,1461
1887,fake,44,286
1888,fake,47,306
1889,fake,90,558
189,fake,268,1503
1890,fake,75,464
1891,fake,43,245
1892,fake,169,977
1893,fake,69,436
1894,fake,132,826
1895,fake,229,1341
1896,fake,82,482
1897,fake,59,418
1898,fake,167,1083
1899,fake,146,893
19,fake,358,2242
1058,true,90,530
1062,true,114,667
1063,true,176,1066
1070,true,20,128
1116,true,267,1541
1117,true,72,444
1118,true,371,2306
1119,true,97,544
112,true,145,895
1136,true,187,1049
1137,true,100,580
1138,true,110,648
1168,true,67,399
1171,true,140,917
1172,true,129,798
1173,true,218,1272
1174,true,123,753
1175,true,266,1668
1176,true,138,827
1177,true,151,917
1178,true,193,1172
1179,true,155,981
118,true,238,1629
1180,true,94,568
1181,true,177,1124
1182,true,223,1327
1183,true,43,255
1184,true,164,1044
1185,true,160,953
1186,true,235,1391
1187,true,119,764
1188,true,138,844
1189,true,254,1503
119,true,286,1710
1190,true,183,1128
1191,true,142,891
1192,true,143,920
1193,true,101,609
1194,true,97,577
1195,true,74,461
1196,true,200,1155
1197,true,104,653
1198,true,89,507
1199,true,170,996
12,true,233,1456
120,true,601,3638
1200,true,85,515
1201,true,120,768
1202,true,193,1258
1203,true,138,799
1204,true,256,1556
1205,true,211,1393
1206,true,41,262
1207,true,103,604
1208,true,191,1117
1209,true,179,1108
121,true,333,1940
1210,true,284,1722
1211,true,200,1185
1212,true,110,658
1213,true,153,887
1214,true,108,644
1215,true,118,750
1216,true,158,1030
1217,true,184,1137
1218,true,261,1561
1219,true,131,797
122,true,211,1281
1220,true,131,794
1221,true,89,544
1222,true,217,1336
1223,true,241,1493
1224,true,144,914
1225,true,160,939
1226,true,285,1699
1227,true,145,874
1228,true,62,382
1229,true,108,666
123,true,415,2709
1230,true,180,1119
1231,true,123,757
1232,true,90,565
1233,true,25,186
1234,true,92,535
1235,true,120,790
1236,true,130,831
1237,true,180,1100
1238,true,122,751
1239,true,141,875
124,true,282,1685
1240,true,181,1146
1241,true,20,121
1242,true,86,489
1243,true,11,74
1244,true,152,877
1245,true,210,1283
1246,true,118,665
1247,true,281,1676
1248,true,240,1451
1249,true,301,1781
125,true,209,1304
1250,true,95,562
1251,true,146,969
1252,true,350,2113
1253,true,337,1996
1254,true,165,1005
1255,true,101,636
1256,true,113,660
1257,true,321,1865
1258,true,292,1672
1259,true,196,1166
126,true,472,2848
1260,true,149,906
1261,true,188,1180
1262,true,326,2055
1263,true,109,687
1264,true,280,1628
1265,true,233,1362
1266,true,280,1681
1267,true,116,761
1268,true,111,665
1269,true,187,1043
127,true,444,2740
1270,true,87,589
1271,true,146,878
1272,true,155,933
1273,true,107,617
1274,true,412,2494
1275,true,104,630
1276,true,293,1686
1277,true,351,2155
1278,true,279,1661
1279,true,170,1018
128,true,403,2469
1280,true,183,1084
1281,true,164,1018
1282,true,193,1203
1283,true,132,854
1284,true,285,1694
1285,true,206,1199
1286,true,159,1012
1287,true,284,1589
1288,true,169,1046
1289,true,107,622
129,true,305,1913
1290,true,136,802
1291,true,278,1686
1292,true,317,1918
1293,true,87,575
1294,true,20,108
1295,true,152,961
1296,true,231,1400
1297,true,436,2700
1298,true,301,1819
1299,true,144,843
13,true,261,1656
130,true,281,1770
1300,true,122,666
1301,true,210,1421
1302,true,221,1344
1303,true,322,1893
1304,true,145,914
1305,true,129,712
1306,true,165,1009
1307,true,161,956
1308,true,121,722
1309,true,156,889
131,true,307,1814
1310,true,193,1206
1311,true,140,924
1312,true,132,831
1313,true,227,1382
1314,true,279,1621
1315,true,74,463
1316,true,467,2835
1317,true,103,588
1318,true,179,1059
1319,true,189,1076
132,true,316,1972
1320,true,189,1159
1321,true,216,1241
1322,true,163,952
1323,true,84,505
1324,true,224,1288
1325,true,281,1738
1326,true,190,1105
1327,true,151,927
1328,true,295,1709
1329,true,154,909
133,true,414,2544
1330,true,148,852
1331,true,118,736
1332,true,208,1291
1333,true,271,1611
1334,true,181,1084
1335,true,112,678
1336,true,181,1048
1337,true,62,391
1338,true,244,1560
1339,true,151,950
134,true,262,1473
1340,true,30,175
1341,true,237,1428
1342,true,351,2142
1343,true,118,703
1344,true,166,924
1345,true,145,862
1346,true,179,1035
1347,true,192,1175
1348,true,152,941
1349,true,107,592
135,true,301,1810
1350,true,185,1146
1351,true,164,992
1352,true,273,1708
1353,true,215,1300
1354,true,188,1160
1355,true,124,746
1356,true,124,753
1357,true,241,1529
1358,true,71,353
1359,true,245,1503
136,true,337,2007
1360,true,177,1085
1361,true,147,969
1362,true,233,1373
1363,true,253,1585
1364,true,392,2391
1365,true,207,1270
1366,true,138,839
1367,true,153,980
1368,true,185,1076
1369,true,124,713
137,true,454,2691
1370,true,124,695
1371,true,156,994
1372,true,232,1385
1373,true,174,1073
1374,true,206,1184
1375,true,130,779
1376,true,423,2458
1377,true,174,1037
1378,true,169,1052
1379,true,89,501
138,true,560,3548
1380,true,130,755
1381,true,24,140
1382,true,160,1005
1383,true,175,1054
1384,true,356,2086
1385,true,214,1383
1386,true,211,1321
1387,true,165,1000
1388,true,138,865
1389,true,180,1078
139,true,259,1617
1390,true,130,813
1391,true,239,1418
1392,true,261,1579
1393,true,24,152
1394,true,125,748
1395,true,159,980
1396,true,85,537
1397,true,16,106
1398,true,125,730
1399,true,145,960
14,true,114,711
140,true,161,952
1400,true,222,1346
1401,true,153,910
1402,true,135,839
1403,true,292,1698
1404,true,161,931
1405,true,97,559
1406,true,120,712
1407,true,78,482
1408,true,179,1021
1409,true,90,564
141,true,294,1774
1410,true,140,815
1411,true,184,1089
1412,true,156,856
1413,true,271,1625
1414,true,187,1172
1415,true,138,842
1416,true,168,1013
1417,true,240,1380
1418,true,200,1180
1419,true,278,1656
142,true,204,1248
1420,true,293,1607
1421,true,138,858
1422,true,83,477
1423,true,151,979
1424,true,164,962
1425,true,49,314
1426,true,282,1622
1427,true,161,1055
1428,true,120,683
1429,true,103,654
143,true,322,1946
1430,true,120,732
1431,true,147,940
1432,true,72,420
1433,true,148,880
1434,true,328,2065
1435,true,191,1154
1436,true,245,1531
1437,true,132,771
1438,true,160,1084
1439,true,180,1054
144,true,270,1603
1440,true,119,710
1441,true,172,1081
1442,true,321,1932
1443,true,133,767
1444,true,190,1097
1445,true,134,788
1446,true,134,780
1447,true,106,635
1448,true,193,1165
1449,true,120,711
145,true,732,4525
1450,true,151,1004
1451,true,242,1423
1452,true,301,1745
1453,true,229,1408
1454,true,197,1158
1455,true,183,1159
1456,true,148,914
1457,true,500,3142
1458,true,99,602
1459,true,217,1378
146,true,185,1137
1460,true,105,678
1461,true,168,1000
1462,true,154,993
1463,true,96,571
1464,true,183,1223
1465,true,243,1541
1466,true,156,994
1467,true,124,773
1468,true,11,49
1469,true,211,1270
147,true,317,1828
1470,true,218,1316
1471,true,257,1513
1472,true,150,946
1473,true,250,1573
1474,true,128,775
1475,true,178,1085
1476,true,85,551
1477,true,147,865
1478,true,145,853
1479,true,290,1773
148,true,266,1725
1480,true,94,602
1481,true,88,535
1482,true,154,945
1483,true,181,1095
1484,true,123,725
1485,true,134,862
1486,true,137,827
1487,true,271,1650
1488,true,189,1180
1489,true,169,993
149,true,484,2966
1490,true,47,273
1491,true,130,788
1492,true,111,719
1493,true,132,828
1494,true,269,1641
1495,true,132,728
1496,true,255,1627
1497,true,243,1568
1498,true,228,1448
1499,true,133,776
15,true,135,842
150,true,256,1595
1500,true,185,1134
1501,true,122,669
1502,true,305,1726
1503,true,196,1162
1504,true,72,420
1505,true,274,1686
1506,true,157,944
1507,true,154,886
1508,true,154,1030
1509,true,117,656
151,true,197,1182
1510,true,150,882
1511,true,142,831
1512,true,242,1505
1513,true,130,785
1514,true,310,1849
1515,true,301,1767
1516,true,134,761
1517,true,22,147
1518,true,129,802
1519,true,228,1393
152,true,156,966
1520,true,125,707
1521,true,166,983
1522,true,250,1408
1523,true,124,700
1524,true,256,1529
1525,true,302,1731
1526,true,140,825
1527,true,69,437
1528,true,247,1473
1529,true,208,1293
153,true,436,2560
1530,true,191,1178
1531,true,148,909
1532,true,191,1203
1533,true,129,752
1534,true,158,910
1535,true,158,970
1536,true,152,884
1537,true,89,513
1538,true,200,1250
1539,true,305,1740
154,true,150,842
1540,true,217,1384
1541,true,173,1013
1542,true,89,501
1543,true,194,1096
1544,true,81,474
1545,true,209,1215
1546,true,169,1012
1547,true,65,359
1548,true,229,1339
1549,true,249,1421
155,true,187,1102
1550,true,257,1560
1551,true,157,926
1552,true,120,736
1553,true,170,1024
1554,true,157,909
1555,true,153,990
1556,true,138,815
1557,true,116,652
1558,true,136,780
1559,true,120,718
156,true,367,2209
1560,true,112,738
1561,true,201,1161
1562,true,97,551
1563,true,287,1697
1564,true,191,1201
1565,true,214,1353
1566,true,242,1381
1567,true,143,937
1568,true,163,923
1569,true,314,1912
157,true,279,1767
1570,true,85,470
1571,true,130,811
1572,true,134,788
1573,true,168,1076
1574,true,77,456
1575,true,155,932
1576,true,214,1374
1577,true,120,766
1578,true,203,1127
1579,true,185,1137
158,true,236,1431
1580,true,144,822
1581,true,186,1114
1582,true,141,795
1583,true,116,680
1584,true,266,1681
1585,true,209,1203
1586,true,123,792
1587,true,275,1673
1588,true,90,541
1589,true,170,937
159,true,609,3644
1590,true,255,1474
1591,true,209,1290
1592,true,116,655
1593,true,75,432
1594,true,140,852
1595,true,62,354
1596,true,225,1317
1597,true,193,1197
1598,true,138,845
1599,true,96,565
16,true,313,1961
160,true,323,1942
1600,true,105,639
1601,true,47,266
1602,true,133,851
1603,true,127,787
1604,true,393,2414
1605,true,417,2493
1606,true,255,1476
1608,true,227,1405
1609,true,117,764
161,true,245,1489
1610,true,177,1027
1611,true,87,500
1612,true,169,1066
1613,true,161,942
1614,true,157,957
1615,true,131,781
1616,true,104,639
1617,true,137,839
1618,true,174,1052
1619,true,518,3168
162,true,245,1440
1620,true,87,514
1621,true,130,817
1622,true,254,1624
1623,true,10,62
1624,true,92,582
1625,true,127,810
1626,true,84,513
1627,true,231,1389
1628,true,117,753
1629,true,101,653
163,true,261,1516
1630,true,138,876
1631,true,103,620
1632,true,129,805
1633,true,156,929
1634,true,181,1132
1635,true,183,1048
1636,true,111,674
1637,true,264,1735
1638,true,84,535
1639,true,116,687
164,true,479,2813
1640,true,186,1123
1641,true,218,1385
1642,true,146,822
1643,true,176,1072
1644,true,128,786
1645,true,144,917
1646,true,199,1160
1647,true,86,488
1648,true,81,485
1649,true,68,408
165,true,270,1708
1650,true,282,1693
1651,true,124,776
1652,true,115,697
1653,true,155,917
1654,true,204,1281
1655,true,118,745
1656,true,212,1283
1657,true,165,1014
1658,true,109,695
1659,true,32,191
166,true,342,2118
1660,true,92,572
1661,true,208,1185
1662,true,218,1392
1663,true,102,644
1664,true,139,842
1665,true,108,685
1666,true,112,729
1667,true,138,807
1668,true,171,1003
1669,true,127,760
167,true,135,775
1670,true,365,2209
1671,true,125,763
1672,true,63,381
1673,true,131,798
1674,true,234,1481
1675,true,104,665
1676,true,116,691
1677,true,186,1093
1678,true,104,612
1679,true,94,596
168,true,227,1406
1680,true,182,1100
1681,true,78,492
1682,true,142,872
1683,true,127,754
1684,true,121,718
1685,true,88,497
1686,true,212,1282
1687,true,74,454
1688,true,132,830
1689,true,91,506
169,true,179,1026
1690,true,123,763
1691,true,172,1058
1692,true,109,614
1693,true,159,955
1694,true,122,738
1695,true,135,776
1696,true,123,763
1697,true,86,483
1698,true,37,233
1699,true,135,826
17,true,712,4389
170,true,194,1092
1700,true,181,1098
1701,true,99,635
1702,true,100,590
1703,true,184,1131
1704,true,132,781
1705,true,79,493
1706,true,167,1095
1707,true,133,831
1708,true,314,1921
1709,true,21,128
171,true,310,2068
1710,true,191,1176
1711,true,165,1029
1712,true,116,713
1713,true,227,1268
1714,true,197,1166
1715,true,196,1177
1716,true,211,1235
1717,true,145,904
1718,true,187,1068
1719,true,73,448
172,true,179,1083
1720,true,271,1727
1721,true,106,684
1722,true,148,901
1723,true,222,1278
1724,true,139,796
1725,true,95,570
1726,true,196,1208
1727,true,154,940
1728,true,125,788
1729,true,109,672
173,true,198,1179
1730,true,201,1224
1731,true,176,1101
1732,true,345,2182
1733,true,151,941
1734,true,94,634
1735,true,182,1116
1736,true,117,722
1737,true,129,760
1738,true,137,827
1739,true,98,547
174,true,130,766
1740,true,452,2776
1741,true,76,455
1742,true,112,725
1743,true,156,928
1744,true,132,787
1745,true,145,927
1746,true,424,2638
1747,true,170,1014
1748,true,222,1381
1749,true,198,1052
175,true,279,1601
1750,true,47,279
1751,true,105,705
1752,true,144,871
1753,true,117,707
1754,true,143,796
1755,true,111,701
1756,true,213,1223
1757,true,98,564
1758,true,340,2040
1759,true,110,666
176,true,518,3098
1760,true,96,555
1761,true,178,1118
1762,true,260,1554
1763,true,116,684
1764,true,242,1442
1765,true,237,1358
1766,true,82,553
1767,true,216,1327
1768,true,158,911
1769,true,168,1034
177,true,366,2340
1770,true,102,626
1771,true,130,778
1772,true,184,1194
1773,true,236,1424
1774,true,144,842
1775,true,122,790
1776,true,204,1255
1777,true,161,1010
1778,true,140,866
1779,true,124,716
178,true,352,2142
1780,true,154,893
1781,true,296,1797
1782,true,79,471
1783,true,222,1305
1784,true,180,1092
1785,true,98,610
1786,true,53,333
1787,true,136,841
1788,true,122,746
1789,true,197,1183
179,true,142,907
1790,true,80,511
1791,true,443,2696
1792,true,44,271
1793,true,95,592
1794,true,260,1526
1795,true,362,1950
1796,true,64,355
1797,true,362,2134
1798,true,199,1303
1799,true,65,368
18,true,187,1117
180,true,544,3175
1800,true,110,676
1801,true,673,3965
1802,true,161,1013
1803,true,154,895
1804,true,101,567
1805,true,132,889
1806,true,115,685
1807,true,241,1477
1808,true,166,1077
1809,true,115,666
181,true,202,1150
1810,true,83,506
1811,true,115,667
1812,true,215,1312
1813,true,155,922
1814,true,80,506
1815,true,95,567
1816,true,84,496
1817,true,158,931
1818,true,325,2005
1819,true,68,412
182,true,358,2102
1820,true,25,158
1821,true,156,995
1822,true,108,652
1823,true,135,817
1824,true,182,1118
1825,true,80,481
1826,true,24,160
1827,true,49,284
1828,true,153,876
1829,true,37,217
183,true,372,2205
1830,true,118,725
1831,true,263,1457
1832,true,82,486
1833,true,166,1057
1834,true,324,2083
1835,true,52,279
1836,true,266,1663
1837,true,245,1514
1838,true,172,992
1839,true,131,790
184,true,214,1271
1840,true,265,1627
1841,true,19,112
1842,true,76,480
1843,true,147,926
1844,true,184,1179
1845,true,105,667
1846,true,97,605
1847,true,186,1215
1848,true,121,737
1849,true,121,740
185,true,303,1869
1850,true,117,756
1851,true,150,902
1852,true,177,1005
1853,true,116,710
1854,true,243,1454
1855,true,101,625
1856,true,124,772
1857,true,243,1441
1858,true,22,152
1859,true,81,512
186,true,175,1061
1860,true,202,1158
1861,true,73,417
1862,true,95,550
1863,true,557,3177
1864,true,58,397
1865,true,190,1184
1866,true,122,673
1867,true,151,953
1868,true,101,639
1869,true,144,846
187,true,100,608
1870,true,120,744
1871,true,220,1288
1872,true,41,259
1873,true,327,1894
1874,true,152,918
1875,true,146,882
1876,true,90,578
1877,true,79,501
1878,true,199,1335
1879,true,58,342
188,true,234,1372
1880,true,71,474
1881,true,325,1885
1882,true,177,1079
1883,true,119,684
1884,true,113,686
1885,true,310,1912
1886,true,256,1636
1887,true,44,252
1888,true,48,329
1889,true,89,546
189,true,267,1679
1890,true,77,501
1891,true,47,277
1892,true,175,1003
1893,true,72,455
1894,true,133,857
1895,true,235,1405
1896,true,85,554
1897,true,60,324
1898,true,171,1024
1899,true,147,890
19,true,352,2157
