id,classe,palavras,caracteres,cluster_exploratorio
1,fake,151,838,4
10,fake,254,1520,4
100,fake,275,1673,0
1000,fake,572,3770,1
1001,fake,111,668,3
1002,fake,93,621,3
1003,fake,96,622,5
1004,fake,209,1326,4
1005,fake,79,451,4
1006,fake,188,1067,2
1007,fake,255,1491,3
1008,fake,151,972,6
1009,fake,182,980,2
101,fake,152,1001,6
1010,fake,97,616,2
1011,fake,719,4314,3
1012,fake,175,1081,4
1013,fake,103,624,4
1014,fake,478,2973,3
1015,fake,184,1093,2
1016,fake,219,1321,3
1017,fake,85,512,4
1018,fake,127,716,3
1019,fake,170,1038,4
102,fake,156,876,6
1020,fake,185,1121,2
1021,fake,369,2224,3
1022,fake,144,920,4
1023,fake,198,1163,3
1024,fake,97,642,6
1025,fake,71,410,2
1026,fake,239,1504,3
1027,fake,99,607,3
1028,fake,122,691,4
1029,fake,88,545,2
103,fake,160,935,4
1030,fake,87,528,2
1031,fake,84,520,3
1032,fake,129,771,2
1033,fake,118,729,3
1034,fake,191,1206,4
1035,fake,167,1087,4
1036,fake,96,630,1
1037,fake,278,1670,7
1038,fake,93,576,2
1039,fake,120,773,4
104,fake,488,2794,0
1040,fake,95,580,2
1041,fake,103,563,2
1042,fake,75,443,7
1043,fake,217,1337,6
1044,fake,63,376,3
1045,fake,165,996,4
1046,fake,284,1763,3
1047,fake,186,1140,1
1048,fake,91,579,4
1049,fake,91,554,4
105,fake,720,4249,6
1050,fake,130,763,4
1051,fake,170,968,3
1052,fake,182,1068,4
1053,fake,548,3442,6
1054,fake,154,909,2
1055,fake,73,450,3
1056,fake,167,1065,3
1057,fake,224,1389,4
1058,fake,84,516,2
1059,fake,299,1886,4
106,fake,248,1493,4
1060,fake,136,753,2
1061,fake,291,1676,2
1062,fake,109,655,4
1063,fake,173,1044,3
1064,fake,149,849,4
1065,fake,166,956,4
1066,fake,232,1358,4
1067,fake,178,1091,4
1068,fake,235,1402,4
1069,fake,133,835,3
107,fake,262,1658,4
1070,fake,19,118,6
1071,fake,200,1288,6
1072,fake,232,1343,3
1073,fake,132,812,3
1074,fake,142,865,0
1075,fake,242,1434,4
1076,fake,93,539,3
1077,fake,273,1784,3
1078,fake,131,800,4
1079,fake,185,1107,2
108,fake,182,1032,4
1080,fake,199,1258,4
1081,fake,96,527,2
1082,fake,112,699,4
1083,fake,154,923,3
1084,fake,93,585,3
1085,fake,137,812,3
1086,fake,232,1461,2
1087,fake,301,1945,4
1088,fake,118,712,1
1089,fake,143,888,2
109,fake,385,2317,0
1090,fake,197,1290,3
1091,fake,181,1105,2
1092,fake,183,1112,4
1093,fake,108,636,2
1094,fake,100,637,4
1095,fake,14,75,4
1096,fake,65,401,4
1097,fake,207,1198,2
1098,fake,194,1251,4
1099,fake,133,805,4
11,fake,185,1119,5
110,fake,146,900,0
1100,fake,117,704,0
1101,fake,129,810,4
1102,fake,281,1651,3
1103,fake,164,949,2
1104,fake,144,860,3
1105,fake,120,747,4
1106,fake,210,1311,4
1107,fake,291,1753,3
1108,fake,188,1150,4
1109,fake,138,863,3
111,fake,230,1318,2
1110,fake,205,1195,0
1111,fake,103,651,4
1112,fake,593,3550,3
1113,fake,212,1389,2
1114,fake,96,612,3
1115,fake,397,2374,4
1116,fake,266,1622,6
1117,fake,69,473,3
1118,fake,362,2275,3
1119,fake,96,638,3
112,fake,142,866,2
1120,fake,186,1101,6
1121,fake,135,788,4
1122,fake,86,486,0
1123,fake,160,991,6
1124,fake,378,2315,1
1125,fake,137,822,3
1126,fake,182,1093,5
1127,fake,95,584,4
1128,fake,198,1185,1
1129,fake,257,1472,1
113,fake,352,2051,2
1130,fake,515,3160,4
1131,fake,200,1221,6
1132,fake,65,395,4
1133,fake,237,1391,4
1134,fake,145,880,4
1135,fake,122,780,4
1136,fake,182,1142,3
1137,fake,98,636,4
1138,fake,110,660,6
1139,fake,113,652,4
114,fake,332,2153,2
1140,fake,138,814,4
1141,fake,127,753,6
1142,fake,17,102,6
1143,fake,164,992,4
1144,fake,153,902,3
1145,fake,28,175,7
1146,fake,128,776,4
1147,fake,346,2128,3
1148,fake,152,894,2
1149,fake,179,1145,6
115,fake,253,1471,2
1150,fake,208,1242,0
1151,fake,184,1133,4
1152,fake,30,199,3
1153,fake,107,587,6
1154,fake,152,944,6
1155,fake,156,849,2
1156,fake,139,790,2
1157,fake,481,2747,4
1158,fake,229,1355,6
1159,fake,204,1190,4
116,fake,315,1889,4
1160,fake,100,614,3
1161,fake,136,839,3
1162,fake,159,917,3
1163,fake,171,980,4
1164,fake,139,882,4
1165,fake,393,2457,4
1166,fake,157,951,6
1167,fake,121,745,6
1168,fake,66,387,6
1169,fake,243,1522,3
117,fake,312,1961,0
1170,fake,152,894,3
1171,fake,137,775,0
1172,fake,128,833,0
1173,fake,208,1249,7
1174,fake,118,741,2
1175,fake,246,1409,6
1176,fake,135,735,0
1177,fake,151,897,2
1178,fake,189,1211,1
1179,fake,149,957,4
118,fake,240,1535,1
1180,fake,89,587,0
1181,fake,174,1030,3
1182,fake,217,1340,2
1183,fake,40,267,1
1184,fake,159,961,4
1185,fake,154,923,6
1186,fake,234,1422,6
1187,fake,116,770,1
1188,fake,133,760,6
1189,fake,252,1536,5
119,fake,280,1612,4
1190,fake,176,1042,4
1191,fake,140,877,4
1192,fake,138,868,4
1193,fake,94,581,4
1194,fake,95,629,5
1195,fake,66,425,1
1196,fake,200,1218,4
1197,fake,97,586,0
1198,fake,88,504,4
1199,fake,163,1000,4
12,fake,235,1357,4
120,fake,596,3489,4
1200,fake,79,514,0
1201,fake,119,784,4
1202,fake,188,1108,0
1203,fake,134,780,1
1204,fake,251,1583,4
1205,fake,201,1187,4
1206,fake,40,239,0
1207,fake,98,666,6
1208,fake,184,1063,0
1209,fake,177,1061,6
121,fake,333,1994,2
1210,fake,279,1692,4
1211,fake,201,1233,4
1212,fake,104,624,4
1213,fake,147,919,4
1214,fake,103,654,6
1215,fake,116,693,0
1216,fake,152,957,0
1217,fake,177,1020,3
1218,fake,248,1576,4
1219,fake,135,793,4
122,fake,203,1266,4
1220,fake,133,894,4
1221,fake,86,523,3
1222,fake,218,1412,0
1223,fake,230,1347,6
1224,fake,140,801,3
1225,fake,156,882,4
1226,fake,275,1640,4
1227,fake,146,783,4
1228,fake,58,347,0
1229,fake,107,640,0
123,fake,408,2285,3
1230,fake,174,1082,6
1231,fake,118,771,6
1232,fake,89,526,0
1233,fake,24,163,6
1234,fake,87,567,4
1235,fake,119,735,4
1236,fake,125,775,4
1237,fake,173,1033,4
1238,fake,116,753,4
1239,fake,140,878,4
124,fake,282,1742,6
1240,fake,172,1069,4
1241,fake,19,107,0
1242,fake,83,470,3
1243,fake,10,61,0
1244,fake,148,941,3
1245,fake,206,1252,7
1246,fake,115,711,3
1247,fake,275,1642,7
1248,fake,230,1470,4
1249,fake,300,1847,7
125,fake,206,1241,6
1250,fake,91,541,2
1251,fake,146,903,6
1252,fake,346,2167,6
1253,fake,327,2112,3
1254,fake,167,1053,6
1255,fake,100,646,2
1256,fake,108,639,2
1257,fake,325,1907,2
1258,fake,286,1758,7
1259,fake,197,1232,5
126,fake,470,2959,5
1260,fake,145,871,2
1261,fake,186,1067,3
1262,fake,323,1939,3
1263,fake,101,627,2
1264,fake,270,1635,7
1265,fake,233,1326,3
1266,fake,272,1765,7
1267,fake,113,743,4
1268,fake,107,661,2
1269,fake,175,1047,2
127,fake,443,2833,5
1270,fake,87,535,6
1271,fake,138,842,7
1272,fake,156,972,7
1273,fake,108,657,7
1274,fake,398,2393,4
1275,fake,100,623,2
1276,fake,291,1762,7
1277,fake,342,2099,7
1278,fake,276,1593,7
1279,fake,159,953,7
128,fake,405,2355,5
1280,fake,173,1006,4
1281,fake,164,981,7
1282,fake,189,1145,4
1283,fake,129,833,7
1284,fake,278,1620,7
1285,fake,209,1217,7
1286,fake,147,896,0
1287,fake,279,1679,7
1288,fake,170,1017,4
1289,fake,102,535,4
129,fake,303,1960,1
1290,fake,128,752,2
1291,fake,272,1651,7
1292,fake,312,1800,7
1293,fake,87,505,7
1294,fake,18,102,7
1295,fake,145,973,1
1296,fake,230,1407,7
1297,fake,430,2622,3
1298,fake,298,1892,7
1299,fake,146,948,0
13,fake,257,1539,6
130,fake,281,1723,5
1300,fake,120,705,3
1301,fake,210,1300,7
1302,fake,219,1435,7
1303,fake,315,1904,7
1304,fake,141,852,0
1305,fake,125,775,2
1306,fake,166,1050,7
1307,fake,158,942,1
1308,fake,121,787,7
1309,fake,154,913,2
131,fake,309,1825,2
1310,fake,193,1169,7
1311,fake,137,834,7
1312,fake,130,734,3
1313,fake,229,1348,3
1314,fake,277,1639,3
1315,fake,72,463,5
1316,fake,453,2766,7
1317,fake,101,628,3
1318,fake,178,1059,7
1319,fake,187,1177,3
132,fake,314,1870,6
1320,fake,190,1150,0
1321,fake,209,1301,0
1322,fake,145,887,2
1323,fake,80,485,2
1324,fake,222,1269,4
1325,fake,276,1693,7
1326,fake,190,1088,3
1327,fake,145,863,2
1328,fake,297,1737,7
1329,fake,150,907,2
133,fake,416,2480,4
1330,fake,141,906,0
1331,fake,117,709,7
1332,fake,215,1284,7
1333,fake,270,1644,2
1334,fake,182,1123,7
1335,fake,108,710,3
1336,fake,184,1064,7
1337,fake,61,423,1
1338,fake,227,1440,1
1339,fake,152,934,7
134,fake,260,1547,1
1340,fake,30,210,6
1341,fake,236,1465,7
1342,fake,354,2112,7
1343,fake,120,723,7
1344,fake,162,948,7
1345,fake,138,871,7
1346,fake,176,1040,7
1347,fake,189,1197,7
1348,fake,155,990,7
1349,fake,106,684,7
135,fake,302,1878,5
1350,fake,183,1144,3
1351,fake,162,1054,7
1352,fake,274,1724,7
1353,fake,213,1283,7
1354,fake,186,1110,7
1355,fake,125,789,4
1356,fake,122,737,7
1357,fake,231,1444,4
1358,fake,70,450,0
1359,fake,235,1411,7
136,fake,335,1954,1
1360,fake,175,1038,7
1361,fake,146,876,2
1362,fake,237,1459,7
1363,fake,254,1567,4
1364,fake,386,2306,7
1365,fake,200,1269,7
1366,fake,135,856,7
1367,fake,152,884,7
1368,fake,174,1078,2
1369,fake,130,782,7
137,fake,463,2922,6
1370,fake,118,704,2
1371,fake,154,950,7
1372,fake,230,1408,7
1373,fake,172,1027,0
1374,fake,203,1146,3
1375,fake,125,761,2
1376,fake,424,2525,7
1377,fake,175,1039,7
1378,fake,164,966,7
1379,fake,87,554,7
138,fake,559,3349,3
1380,fake,126,727,3
1381,fake,23,121,3
1382,fake,159,973,4
1383,fake,175,1072,7
1384,fake,350,1937,2
1385,fake,211,1280,7
1386,fake,205,1258,4
1387,fake,166,995,7
1388,fake,134,906,7
1389,fake,177,1048,4
139,fake,259,1543,3
1390,fake,131,750,6
1391,fake,222,1346,4
1392,fake,265,1564,7
1393,fake,23,138,1
1394,fake,120,759,1
1395,fake,146,884,3
1396,fake,78,457,4
1397,fake,15,102,3
1398,fake,111,665,1
1399,fake,144,924,3
14,fake,111,669,6
140,fake,157,984,1
1400,fake,213,1244,4
1401,fake,147,848,0
1402,fake,131,774,6
1403,fake,275,1652,3
1404,fake,150,925,3
1405,fake,90,535,0
1406,fake,113,657,4
1407,fake,75,458,0
1408,fake,172,1088,2
1409,fake,88,545,3
141,fake,292,1704,0
1410,fake,131,758,2
1411,fake,179,1016,0
1412,fake,152,907,6
1413,fake,266,1473,4
1414,fake,186,1123,6
1415,fake,137,782,6
1416,fake,164,998,3
1417,fake,234,1333,3
1418,fake,197,1192,5
1419,fake,275,1734,2
142,fake,203,1144,1
1420,fake,287,1650,2
1421,fake,136,787,0
1422,fake,80,500,1
1423,fake,148,940,6
1424,fake,164,1020,5
1425,fake,48,345,1
1426,fake,275,1608,3
1427,fake,155,977,3
1428,fake,115,719,6
1429,fake,104,604,6
143,fake,318,1882,0
1430,fake,115,683,4
1431,fake,140,900,3
1432,fake,71,410,6
1433,fake,143,814,2
1434,fake,325,2026,2
1435,fake,187,1130,3
1436,fake,242,1458,4
1437,fake,128,719,3
1438,fake,161,995,1
1439,fake,172,969,2
144,fake,268,1734,4
1440,fake,115,734,4
1441,fake,166,1088,6
1442,fake,320,1865,6
1443,fake,129,821,5
1444,fake,182,1063,2
1445,fake,133,843,0
1446,fake,125,691,2
1447,fake,105,645,2
1448,fake,191,1129,3
1449,fake,114,774,3
145,fake,732,4520,4
1450,fake,149,928,2
1451,fake,236,1473,1
1452,fake,284,1752,2
1453,fake,230,1459,3
1454,fake,189,1096,4
1455,fake,183,1174,4
1456,fake,146,909,3
1457,fake,477,3033,4
1458,fake,100,592,4
1459,fake,214,1258,3
146,fake,193,1127,4
1460,fake,101,621,3
1461,fake,164,975,3
1462,fake,153,1002,6
1463,fake,92,590,1
1464,fake,181,1229,1
1465,fake,240,1445,4
1466,fake,156,1022,1
1467,fake,124,718,2
1468,fake,11,66,6
1469,fake,212,1304,6
147,fake,317,2007,1
1470,fake,219,1365,3
1471,fake,249,1482,2
1472,fake,146,849,6
1473,fake,234,1372,0
1474,fake,133,828,0
1475,fake,179,1019,0
1476,fake,83,519,4
1477,fake,144,884,1
1478,fake,128,760,4
1479,fake,284,1688,4
148,fake,269,1582,4
1480,fake,89,548,4
1481,fake,86,499,5
1482,fake,152,905,2
1483,fake,177,1081,4
1484,fake,119,714,5
1485,fake,136,821,5
1486,fake,136,852,4
1487,fake,270,1550,3
1488,fake,187,1150,1
1489,fake,165,1010,2
149,fake,482,2876,2
1490,fake,45,277,4
1491,fake,120,716,2
1492,fake,109,685,3
1493,fake,131,746,0
1494,fake,276,1644,0
1495,fake,121,725,6
1496,fake,253,1469,6
1497,fake,246,1485,5
1498,fake,202,1247,2
1499,fake,128,763,3
15,fake,130,782,5
150,fake,251,1566,5
1500,fake,179,1102,2
1501,fake,120,701,3
1502,fake,299,1655,3
1503,fake,194,1146,3
1504,fake,65,399,4
1505,fake,272,1657,3
1506,fake,153,949,2
1507,fake,149,920,7
1508,fake,154,1004,6
1509,fake,114,680,5
151,fake,197,1222,5
1510,fake,149,871,4
1511,fake,135,775,6
1512,fake,239,1398,6
1513,fake,123,699,4
1514,fake,304,1805,3
1515,fake,299,1900,6
1516,fake,131,767,3
1517,fake,21,112,1
1518,fake,126,743,4
1519,fake,222,1342,3
152,fake,154,927,2
1520,fake,120,807,4
1521,fake,168,977,0
1522,fake,246,1451,3
1523,fake,124,681,3
1524,fake,242,1416,4
1525,fake,300,1805,3
1526,fake,139,811,3
1527,fake,67,413,3
1528,fake,245,1424,3
1529,fake,203,1223,6
153,fake,438,2511,3
1530,fake,182,1194,0
1531,fake,148,899,6
1532,fake,184,1125,0
1533,fake,125,773,3
1534,fake,150,913,0
1535,fake,160,950,0
1536,fake,146,860,2
1537,fake,85,516,4
1538,fake,198,1198,4
1539,fake,299,1703,3
154,fake,144,877,3
1540,fake,218,1307,3
1541,fake,176,1040,4
1542,fake,87,520,2
1543,fake,192,1133,5
1544,fake,81,525,5
1545,fake,202,1162,4
1546,fake,163,975,4
1547,fake,64,403,4
1548,fake,226,1385,0
1549,fake,247,1460,3
155,fake,181,1188,6
1550,fake,237,1397,0
1551,fake,157,892,6
1552,fake,118,708,6
1553,fake,165,1057,2
1554,fake,155,919,0
1555,fake,149,895,4
1556,fake,135,847,4
1557,fake,109,601,3
1558,fake,134,825,3
1559,fake,109,731,5
156,fake,355,2197,5
1560,fake,104,560,6
1561,fake,193,1172,2
1562,fake,96,516,3
1563,fake,282,1698,4
1564,fake,180,1123,6
1565,fake,213,1364,6
1566,fake,232,1435,5
1567,fake,140,888,0
1568,fake,158,943,2
1569,fake,308,1804,6
157,fake,279,1720,6
1570,fake,84,519,4
1571,fake,126,765,4
1572,fake,126,803,2
1573,fake,165,981,6
1574,fake,77,471,6
1575,fake,155,938,2
1576,fake,210,1302,6
1577,fake,120,738,2
1578,fake,202,1187,5
1579,fake,185,1067,2
158,fake,231,1439,4
1580,fake,137,803,2
1581,fake,184,1085,5
1582,fake,137,798,5
1583,fake,119,701,2
1584,fake,259,1571,6
1585,fake,206,1282,5
1586,fake,118,771,5
1587,fake,262,1574,2
1588,fake,90,564,5
1589,fake,170,974,5
159,fake,605,3803,4
1590,fake,250,1454,5
1591,fake,201,1227,0
1592,fake,114,683,3
1593,fake,74,445,2
1594,fake,139,857,2
1595,fake,62,391,3
1596,fake,223,1296,5
1597,fake,187,1147,0
1598,fake,136,880,3
1599,fake,95,585,3
16,fake,314,1890,1
160,fake,322,2036,6
1600,fake,101,621,2
1601,fake,44,248,3
1602,fake,131,791,2
1603,fake,123,730,3
1604,fake,385,2243,4
1605,fake,398,2408,3
1606,fake,254,1484,2
1608,fake,216,1255,3
1609,fake,117,707,5
161,fake,243,1439,5
1610,fake,167,1049,2
1611,fake,92,573,0
1612,fake,165,1026,4
1613,fake,157,963,5
1614,fake,150,810,2
1615,fake,126,766,6
1616,fake,101,643,2
1617,fake,125,743,2
1618,fake,170,994,1
1619,fake,517,3193,3
162,fake,251,1425,2
1620,fake,83,491,2
1621,fake,126,816,6
1622,fake,248,1575,6
1623,fake,9,56,5
1624,fake,90,557,2
1625,fake,125,761,6
1626,fake,83,491,3
1627,fake,224,1412,6
1628,fake,112,666,4
1629,fake,101,584,7
163,fake,262,1657,2
1630,fake,136,799,3
1631,fake,102,627,3
1632,fake,127,754,3
1633,fake,156,928,5
1634,fake,177,1024,5
1635,fake,182,1050,5
1636,fake,106,624,6
1637,fake,261,1603,4
1638,fake,82,460,3
1639,fake,112,681,4
164,fake,487,3010,2
1640,fake,185,1162,4
1641,fake,215,1289,4
1642,fake,144,815,5
1643,fake,175,1030,7
1644,fake,124,712,6
1645,fake,137,812,4
1646,fake,203,1158,6
1647,fake,83,514,4
1648,fake,81,457,4
1649,fake,65,409,3
165,fake,268,1610,6
1650,fake,283,1655,3
1651,fake,122,732,6
1652,fake,107,661,2
1653,fake,140,848,2
1654,fake,200,1129,2
1655,fake,116,716,4
1656,fake,209,1358,6
1657,fake,162,1015,2
1658,fake,109,678,3
1659,fake,30,193,6
166,fake,343,2071,6
1660,fake,90,521,5
1661,fake,190,1098,2
1662,fake,205,1268,3
1663,fake,98,569,2
1664,fake,133,783,2
1665,fake,108,608,3
1666,fake,106,640,6
1667,fake,134,734,3
1668,fake,165,991,2
1669,fake,123,753,6
167,fake,132,754,3
1670,fake,358,2127,3
1671,fake,123,727,3
1672,fake,63,377,5
1673,fake,127,744,6
1674,fake,229,1352,3
1675,fake,101,644,6
1676,fake,111,667,3
1677,fake,186,1063,3
1678,fake,102,636,6
1679,fake,87,511,6
168,fake,224,1376,3
1680,fake,176,1037,3
1681,fake,75,481,6
1682,fake,140,774,4
1683,fake,125,740,6
1684,fake,117,732,5
1685,fake,85,475,6
1686,fake,205,1233,6
1687,fake,73,431,6
1688,fake,119,732,6
1689,fake,90,544,6
169,fake,176,997,3
1690,fake,122,711,4
1691,fake,173,993,5
1692,fake,107,613,6
1693,fake,159,952,5
1694,fake,120,662,5
1695,fake,135,745,3
1696,fake,124,715,3
1697,fake,85,508,5
1698,fake,35,202,3
1699,fake,132,762,3
17,fake,708,3849,3
170,fake,194,1130,5
1700,fake,181,1171,5
1701,fake,98,603,4
1702,fake,98,599,5
1703,fake,179,1083,3
1704,fake,125,786,5
1705,fake,76,455,3
1706,fake,164,985,5
1707,fake,129,780,5
1708,fake,310,2002,5
1709,fake,20,117,4
171,fake,310,1693,3
1710,fake,195,1223,5
1711,fake,162,977,3
1712,fake,111,740,4
1713,fake,223,1247,3
1714,fake,191,1119,3
1715,fake,192,1145,5
1716,fake,211,1262,5
1717,fake,144,860,4
1718,fake,177,981,3
1719,fake,71,448,3
172,fake,181,1062,5
1720,fake,267,1583,3
1721,fake,100,613,3
1722,fake,143,848,4
1723,fake,219,1284,2
1724,fake,134,832,3
1725,fake,95,524,4
1726,fake,195,1130,4
1727,fake,154,923,5
1728,fake,126,778,5
1729,fake,107,593,3
173,fake,200,1125,3
1730,fake,200,1113,3
1731,fake,176,1060,4
1732,fake,344,2075,3
1733,fake,149,875,5
1734,fake,93,561,5
1735,fake,181,1055,3
1736,fake,116,683,4
1737,fake,121,732,2
1738,fake,135,785,5
1739,fake,96,591,3
174,fake,132,788,3
1740,fake,446,2731,4
1741,fake,77,501,3
1742,fake,113,607,2
1743,fake,149,900,3
1744,fake,133,816,3
1745,fake,141,872,5
1746,fake,417,2585,5
1747,fake,166,1054,4
1748,fake,217,1309,4
1749,fake,198,1184,3
175,fake,282,1620,3
1750,fake,45,260,5
1751,fake,101,601,5
1752,fake,142,832,1
1753,fake,113,711,2
1754,fake,139,825,3
1755,fake,107,698,5
1756,fake,207,1417,7
1757,fake,95,639,5
1758,fake,336,2064,3
1759,fake,107,649,5
176,fake,510,3115,3
1760,fake,94,592,5
1761,fake,167,1044,5
1762,fake,248,1518,1
1763,fake,109,738,6
1764,fake,239,1396,3
1765,fake,229,1394,3
1766,fake,80,483,5
1767,fake,209,1368,5
1768,fake,159,883,3
1769,fake,168,938,3
177,fake,363,2142,3
1770,fake,100,585,3
1771,fake,128,771,4
1772,fake,182,1099,5
1773,fake,234,1324,5
1774,fake,143,935,3
1775,fake,116,735,5
1776,fake,195,1051,6
1777,fake,159,1012,5
1778,fake,143,948,4
1779,fake,123,744,5
178,fake,348,2181,5
1780,fake,153,965,6
1781,fake,297,1674,5
1782,fake,75,439,2
1783,fake,218,1314,0
1784,fake,177,1036,4
1785,fake,96,611,5
1786,fake,54,317,1
1787,fake,135,860,4
1788,fake,119,725,4
1789,fake,191,1161,4
179,fake,141,886,4
1790,fake,80,473,3
1791,fake,429,2767,4
1792,fake,42,225,2
1793,fake,92,596,4
1794,fake,261,1450,4
1795,fake,357,2112,3
1796,fake,63,395,2
1797,fake,356,2085,1
1798,fake,191,1232,4
1799,fake,62,384,4
18,fake,185,1097,6
180,fake,547,3081,3
1800,fake,110,679,4
1801,fake,666,3948,2
1802,fake,159,949,6
1803,fake,148,842,2
1804,fake,101,627,3
1805,fake,132,784,4
1806,fake,110,677,5
1807,fake,238,1406,6
1808,fake,161,972,4
1809,fake,112,676,1
181,fake,201,1177,3
1810,fake,80,474,2
1811,fake,113,680,5
1812,fake,219,1290,6
1813,fake,156,949,4
1814,fake,77,452,3
1815,fake,93,518,2
1816,fake,81,503,2
1817,fake,158,909,5
1818,fake,314,1978,0
1819,fake,67,406,3
182,fake,354,2083,3
1820,fake,24,130,4
1821,fake,153,987,6
1822,fake,107,663,0
1823,fake,132,824,4
1824,fake,176,1184,6
1825,fake,79,474,2
1826,fake,23,136,0
1827,fake,48,301,0
1828,fake,149,873,2
1829,fake,37,186,0
183,fake,366,2088,3
1830,fake,119,722,5
1831,fake,254,1411,3
1832,fake,78,493,6
1833,fake,163,998,0
1834,fake,332,1966,1
1835,fake,51,285,3
1836,fake,257,1563,4
1837,fake,237,1355,4
1838,fake,166,1013,6
1839,fake,127,774,6
184,fake,213,1250,3
1840,fake,262,1554,4
1841,fake,17,109,2
1842,fake,75,439,5
1843,fake,149,869,6
1844,fake,175,1165,0
1845,fake,98,667,6
1846,fake,97,616,4
1847,fake,180,1017,2
1848,fake,116,675,6
1849,fake,119,736,0
185,fake,301,1802,3
1850,fake,115,689,2
1851,fake,148,935,2
1852,fake,171,986,3
1853,fake,112,651,0
1854,fake,245,1484,0
1855,fake,97,610,0
1856,fake,122,755,0
1857,fake,235,1450,0
1858,fake,20,130,0
1859,fake,76,492,0
186,fake,173,1034,3
1860,fake,200,1189,3
1861,fake,71,394,4
1862,fake,97,598,3
1863,fake,548,3168,0
1864,fake,58,367,6
1865,fake,187,1115,0
1866,fake,121,715,6
1867,fake,149,927,0
1868,fake,96,618,6
1869,fake,138,869,0
187,fake,100,598,3
1870,fake,115,604,3
1871,fake,216,1360,4
1872,fake,40,237,0
1873,fake,318,1836,3
1874,fake,146,876,4
1875,fake,147,917,0
1876,fake,89,562,3
1877,fake,78,520,1
1878,fake,193,1160,2
1879,fake,54,336,0
188,fake,236,1387,3
1880,fake,68,412,0
1881,fake,323,2000,0
1882,fake,176,1104,4
1883,fake,117,690,0
1884,fake,106,695,4
1885,fake,307,1805,3
1886,fake,249,1461,3
1887,fake,44,286,0
1888,fake,47,306,1
1889,fake,90,558,6
189,fake,268,1503,1
1890,fake,75,464,0
1891,fake,43,245,0
1892,fake,169,977,3
1893,fake,69,436,5
1894,fake,132,826,3
1895,fake,229,1341,3
1896,fake,82,482,3
1897,fake,59,418,1
1898,fake,167,1083,7
1899,fake,146,893,4
19,fake,358,2242,5
1058,true,90,530,2
1062,true,114,667,6
1063,true,176,1066,3
1070,true,20,128,1
1116,true,267,1541,4
1117,true,72,444,3
1118,true,371,2306,1
1119,true,97,544,3
112,true,145,895,2
1136,true,187,1049,3
1137,true,100,580,6
1138,true,110,648,2
1168,true,67,399,0
1171,true,140,917,6
1172,true,129,798,4
1173,true,218,1272,7
1174,true,123,753,6
1175,true,266,1668,6
1176,true,138,827,0
1177,true,151,917,6
1178,true,193,1172,2
1179,true,155,981,6
118,true,238,1629,3
1180,true,94,568,0
1181,true,177,1124,3
1182,true,223,1327,2
1183,true,43,255,1
1184,true,164,1044,3
1185,true,160,953,1
1186,true,235,1391,4
1187,true,119,764,1
1188,true,138,844,6
1189,true,254,1503,4
119,true,286,1710,2
1190,true,183,1128,6
1191,true,142,891,4
1192,true,143,920,1
1193,true,101,609,2
1194,true,97,577,5
1195,true,74,461,1
1196,true,200,1155,4
1197,true,104,653,6
1198,true,89,507,3
1199,true,170,996,4
12,true,233,1456,4
120,true,601,3638,4
1200,true,85,515,1
1201,true,120,768,3
1202,true,193,1258,6
1203,true,138,799,1
1204,true,256,1556,6
1205,true,211,1393,6
1206,true,41,262,0
1207,true,103,604,6
1208,true,191,1117,6
1209,true,179,1108,4
121,true,333,1940,2
1210,true,284,1722,1
1211,true,200,1185,1
1212,true,110,658,2
1213,true,153,887,1
1214,true,108,644,0
1215,true,118,750,0
1216,true,158,1030,2
1217,true,184,1137,5
1218,true,261,1561,6
1219,true,131,797,3
122,true,211,1281,2
1220,true,131,794,4
1221,true,89,544,5
1222,true,217,1336,6
1223,true,241,1493,6
1224,true,144,914,3
1225,true,160,939,1
1226,true,285,1699,3
1227,true,145,874,6
1228,true,62,382,0
1229,true,108,666,0
123,true,415,2709,6
1230,true,180,1119,6
1231,true,123,757,6
1232,true,90,565,0
1233,true,25,186,6
1234,true,92,535,4
1235,true,120,790,6
1236,true,130,831,1
1237,true,180,1100,6
1238,true,122,751,6
1239,true,141,875,6
124,true,282,1685,1
1240,true,181,1146,6
1241,true,20,121,0
1242,true,86,489,3
1243,true,11,74,0
1244,true,152,877,6
1245,true,210,1283,3
1246,true,118,665,3
1247,true,281,1676,7
1248,true,240,1451,6
1249,true,301,1781,7
125,true,209,1304,6
1250,true,95,562,2
1251,true,146,969,6
1252,true,350,2113,6
1253,true,337,1996,2
1254,true,165,1005,6
1255,true,101,636,3
1256,true,113,660,2
1257,true,321,1865,2
1258,true,292,1672,7
1259,true,196,1166,3
126,true,472,2848,5
1260,true,149,906,2
1261,true,188,1180,4
1262,true,326,2055,3
1263,true,109,687,3
1264,true,280,1628,7
1265,true,233,1362,3
1266,true,280,1681,4
1267,true,116,761,4
1268,true,111,665,2
1269,true,187,1043,2
127,true,444,2740,1
1270,true,87,589,6
1271,true,146,878,7
1272,true,155,933,7
1273,true,107,617,7
1274,true,412,2494,4
1275,true,104,630,2
1276,true,293,1686,7
1277,true,351,2155,7
1278,true,279,1661,7
1279,true,170,1018,7
128,true,403,2469,3
1280,true,183,1084,2
1281,true,164,1018,7
1282,true,193,1203,0
1283,true,132,854,7
1284,true,285,1694,7
1285,true,206,1199,7
1286,true,159,1012,5
1287,true,284,1589,7
1288,true,169,1046,2
1289,true,107,622,3
129,true,305,1913,1
1290,true,136,802,2
1291,true,278,1686,7
1292,true,317,1918,7
1293,true,87,575,7
1294,true,20,108,7
1295,true,152,961,1
1296,true,231,1400,7
1297,true,436,2700,3
1298,true,301,1819,5
1299,true,144,843,3
13,true,261,1656,6
130,true,281,1770,4
1300,true,122,666,3
1301,true,210,1421,4
1302,true,221,1344,7
1303,true,322,1893,1
1304,true,145,914,0
1305,true,129,712,1
1306,true,165,1009,7
1307,true,161,956,2
1308,true,121,722,7
1309,true,156,889,3
131,true,307,1814,3
1310,true,193,1206,1
1311,true,140,924,7
1312,true,132,831,3
1313,true,227,1382,7
1314,true,279,1621,3
1315,true,74,463,1
1316,true,467,2835,7
1317,true,103,588,3
1318,true,179,1059,7
1319,true,189,1076,3
132,true,316,1972,0
1320,true,189,1159,3
1321,true,216,1241,5
1322,true,163,952,2
1323,true,84,505,2
1324,true,224,1288,3
1325,true,281,1738,7
1326,true,190,1105,3
1327,true,151,927,2
1328,true,295,1709,7
1329,true,154,909,2
133,true,414,2544,5
1330,true,148,852,1
1331,true,118,736,1
1332,true,208,1291,7
1333,true,271,1611,2
1334,true,181,1084,7
1335,true,112,678,3
1336,true,181,1048,7
1337,true,62,391,1
1338,true,244,1560,1
1339,true,151,950,3
134,true,262,1473,3
1340,true,30,175,6
1341,true,237,1428,7
1342,true,351,2142,3
1343,true,118,703,7
1344,true,166,924,7
1345,true,145,862,7
1346,true,179,1035,7
1347,true,192,1175,7
1348,true,152,941,7
1349,true,107,592,7
135,true,301,1810,4
1350,true,185,1146,5
1351,true,164,992,7
1352,true,273,1708,3
1353,true,215,1300,7
1354,true,188,1160,7
1355,true,124,746,3
1356,true,124,753,7
1357,true,241,1529,6
1358,true,71,353,3
1359,true,245,1503,7
136,true,337,2007,2
1360,true,177,1085,7
1361,true,147,969,2
1362,true,233,1373,7
1363,true,253,1585,6
1364,true,392,2391,1
1365,true,207,1270,4
1366,true,138,839,7
1367,true,153,980,7
1368,true,185,1076,2
1369,true,124,713,3
137,true,454,2691,6
1370,true,124,695,1
1371,true,156,994,7
1372,true,232,1385,3
1373,true,174,1073,3
1374,true,206,1184,1
1375,true,130,779,2
1376,true,423,2458,7
1377,true,174,1037,7
1378,true,169,1052,7
1379,true,89,501,7
138,true,560,3548,6
1380,true,130,755,4
1381,true,24,140,7
1382,true,160,1005,2
1383,true,175,1054,7
1384,true,356,2086,6
1385,true,214,1383,7
1386,true,211,1321,4
1387,true,165,1000,7
1388,true,138,865,7
1389,true,180,1078,3
139,true,259,1617,3
1390,true,130,813,1
1391,true,239,1418,4
1392,true,261,1579,7
1393,true,24,152,1
1394,true,125,748,1
1395,true,159,980,1
1396,true,85,537,4
1397,true,16,106,3
1398,true,125,730,1
1399,true,145,960,6
14,true,114,711,6
140,true,161,952,4
1400,true,222,1346,1
1401,true,153,910,4
1402,true,135,839,6
1403,true,292,1698,3
1404,true,161,931,5
1405,true,97,559,0
1406,true,120,712,4
1407,true,78,482,0
1408,true,179,1021,2
1409,true,90,564,3
141,true,294,1774,4
1410,true,140,815,3
1411,true,184,1089,3
1412,true,156,856,6
1413,true,271,1625,4
1414,true,187,1172,3
1415,true,138,842,6
1416,true,168,1013,6
1417,true,240,1380,3
1418,true,200,1180,5
1419,true,278,1656,6
142,true,204,1248,1
1420,true,293,1607,2
1421,true,138,858,0
1422,true,83,477,1
1423,true,151,979,6
1424,true,164,962,3
1425,true,49,314,1
1426,true,282,1622,3
1427,true,161,1055,3
1428,true,120,683,2
1429,true,103,654,6
143,true,322,1946,1
1430,true,120,732,5
1431,true,147,940,3
1432,true,72,420,6
1433,true,148,880,7
1434,true,328,2065,2
1435,true,191,1154,3
1436,true,245,1531,4
1437,true,132,771,5
1438,true,160,1084,6
1439,true,180,1054,2
144,true,270,1603,5
1440,true,119,710,6
1441,true,172,1081,6
1442,true,321,1932,1
1443,true,133,767,5
1444,true,190,1097,2
1445,true,134,788,0
1446,true,134,780,1
1447,true,106,635,2
1448,true,193,1165,4
1449,true,120,711,3
145,true,732,4525,4
1450,true,151,1004,2
1451,true,242,1423,3
1452,true,301,1745,2
1453,true,229,1408,3
1454,true,197,1158,2
1455,true,183,1159,4
1456,true,148,914,3
1457,true,500,3142,4
1458,true,99,602,1
1459,true,217,1378,3
146,true,185,1137,5
1460,true,105,678,1
1461,true,168,1000,3
1462,true,154,993,6
1463,true,96,571,1
1464,true,183,1223,1
1465,true,243,1541,1
1466,true,156,994,6
1467,true,124,773,2
1468,true,11,49,1
1469,true,211,1270,0
147,true,317,1828,3
1470,true,218,1316,5
1471,true,257,1513,2
1472,true,150,946,6
1473,true,250,1573,0
1474,true,128,775,6
1475,true,178,1085,0
1476,true,85,551,1
1477,true,147,865,1
1478,true,145,853,1
1479,true,290,1773,1
148,true,266,1725,6
1480,true,94,602,6
1481,true,88,535,1
1482,true,154,945,2
1483,true,181,1095,5
1484,true,123,725,5
1485,true,134,862,2
1486,true,137,827,4
1487,true,271,1650,3
1488,true,189,1180,5
1489,true,169,993,2
149,true,484,2966,6
1490,true,47,273,1
1491,true,130,788,2
1492,true,111,719,6
1493,true,132,828,0
1494,true,269,1641,4
1495,true,132,728,7
1496,true,255,1627,6
1497,true,243,1568,1
1498,true,228,1448,0
1499,true,133,776,3
15,true,135,842,5
150,true,256,1595,5
1500,true,185,1134,4
1501,true,122,669,3
1502,true,305,1726,5
1503,true,196,1162,3
1504,true,72,420,0
1505,true,274,1686,3
1506,true,157,944,2
1507,true,154,886,7
1508,true,154,1030,6
1509,true,117,656,3
151,true,197,1182,5
1510,true,150,882,4
1511,true,142,831,2
1512,true,242,1505,6
1513,true,130,785,6
1514,true,310,1849,3
1515,true,301,1767,2
1516,true,134,761,3
1517,true,22,147,3
1518,true,129,802,7
1519,true,228,1393,3
152,true,156,966,2
1520,true,125,707,2
1521,true,166,983,4
1522,true,250,1408,5
1523,true,124,700,5
1524,true,256,1529,6
1525,true,302,1731,1
1526,true,140,825,3
1527,true,69,437,1
1528,true,247,1473,3
1529,true,208,1293,2
153,true,436,2560,3
1530,true,191,1178,0
1531,true,148,909,6
1532,true,191,1203,0
1533,true,129,752,3
1534,true,158,910,6
1535,true,158,970,5
1536,true,152,884,2
1537,true,89,513,1
1538,true,200,1250,4
1539,true,305,1740,3
154,true,150,842,1
1540,true,217,1384,3
1541,true,173,1013,3
1542,true,89,501,2
1543,true,194,1096,3
1544,true,81,474,1
1545,true,209,1215,3
1546,true,169,1012,1
1547,true,65,359,4
1548,true,229,1339,3
1549,true,249,1421,3
155,true,187,1102,4
1550,true,257,1560,6
1551,true,157,926,3
1552,true,120,736,2
1553,true,170,1024,2
1554,true,157,909,1
1555,true,153,990,1
1556,true,138,815,7
1557,true,116,652,3
1558,true,136,780,3
1559,true,120,718,1
156,true,367,2209,5
1560,true,112,738,4
1561,true,201,1161,1
1562,true,97,551,5
1563,true,287,1697,3
1564,true,191,1201,6
1565,true,214,1353,0
1566,true,242,1381,1
1567,true,143,937,1
1568,true,163,923,2
1569,true,314,1912,6
157,true,279,1767,4
1570,true,85,470,4
1571,true,130,811,1
1572,true,134,788,2
1573,true,168,1076,1
1574,true,77,456,5
1575,true,155,932,2
1576,true,214,1374,4
1577,true,120,766,6
1578,true,203,1127,5
1579,true,185,1137,5
158,true,236,1431,1
1580,true,144,822,0
1581,true,186,1114,1
1582,true,141,795,4
1583,true,116,680,4
1584,true,266,1681,6
1585,true,209,1203,1
1586,true,123,792,5
1587,true,275,1673,4
1588,true,90,541,5
1589,true,170,937,5
159,true,609,3644,1
1590,true,255,1474,6
1591,true,209,1290,0
1592,true,116,655,5
1593,true,75,432,3
1594,true,140,852,2
1595,true,62,354,3
1596,true,225,1317,3
1597,true,193,1197,6
1598,true,138,845,1
1599,true,96,565,1
16,true,313,1961,1
160,true,323,1942,4
1600,true,105,639,2
1601,true,47,266,3
1602,true,133,851,4
1603,true,127,787,1
1604,true,393,2414,2
1605,true,417,2493,6
1606,true,255,1476,2
1608,true,227,1405,3
1609,true,117,764,1
161,true,245,1489,5
1610,true,177,1027,2
1611,true,87,500,0
1612,true,169,1066,6
1613,true,161,942,5
1614,true,157,957,2
1615,true,131,781,2
1616,true,104,639,2
1617,true,137,839,2
1618,true,174,1052,6
1619,true,518,3168,6
162,true,245,1440,3
1620,true,87,514,2
1621,true,130,817,6
1622,true,254,1624,6
1623,true,10,62,3
1624,true,92,582,2
1625,true,127,810,2
1626,true,84,513,3
1627,true,231,1389,6
1628,true,117,753,3
1629,true,101,653,4
163,true,261,1516,2
1630,true,138,876,3
1631,true,103,620,5
1632,true,129,805,1
1633,true,156,929,3
1634,true,181,1132,3
1635,true,183,1048,3
1636,true,111,674,6
1637,true,264,1735,4
1638,true,84,535,3
1639,true,116,687,6
164,true,479,2813,2
1640,true,186,1123,3
1641,true,218,1385,1
1642,true,146,822,1
1643,true,176,1072,1
1644,true,128,786,6
1645,true,144,917,7
1646,true,199,1160,3
1647,true,86,488,5
1648,true,81,485,4
1649,true,68,408,3
165,true,270,1708,6
1650,true,282,1693,3
1651,true,124,776,6
1652,true,115,697,2
1653,true,155,917,2
1654,true,204,1281,6
1655,true,118,745,1
1656,true,212,1283,1
1657,true,165,1014,2
1658,true,109,695,3
1659,true,32,191,6
166,true,342,2118,6
1660,true,92,572,1
1661,true,208,1185,2
1662,true,218,1392,3
1663,true,102,644,2
1664,true,139,842,2
1665,true,108,685,3
1666,true,112,729,6
1667,true,138,807,3
1668,true,171,1003,2
1669,true,127,760,6
167,true,135,775,1
1670,true,365,2209,1
1671,true,125,763,3
1672,true,63,381,5
1673,true,131,798,5
1674,true,234,1481,5
1675,true,104,665,6
1676,true,116,691,3
1677,true,186,1093,3
1678,true,104,612,3
1679,true,94,596,1
168,true,227,1406,1
1680,true,182,1100,3
1681,true,78,492,1
1682,true,142,872,3
1683,true,127,754,6
1684,true,121,718,5
1685,true,88,497,6
1686,true,212,1282,6
1687,true,74,454,6
1688,true,132,830,6
1689,true,91,506,6
169,true,179,1026,3
1690,true,123,763,4
1691,true,172,1058,5
1692,true,109,614,6
1693,true,159,955,1
1694,true,122,738,5
1695,true,135,776,3
1696,true,123,763,5
1697,true,86,483,3
1698,true,37,233,1
1699,true,135,826,7
17,true,712,4389,5
170,true,194,1092,3
1700,true,181,1098,3
1701,true,99,635,3
1702,true,100,590,5
1703,true,184,1131,4
1704,true,132,781,5
1705,true,79,493,3
1706,true,167,1095,5
1707,true,133,831,5
1708,true,314,1921,4
1709,true,21,128,1
171,true,310,2068,3
1710,true,191,1176,5
1711,true,165,1029,5
1712,true,116,713,5
1713,true,227,1268,5
1714,true,197,1166,3
1715,true,196,1177,5
1716,true,211,1235,5
1717,true,145,904,3
1718,true,187,1068,6
1719,true,73,448,1
172,true,179,1083,1
1720,true,271,1727,1
1721,true,106,684,1
1722,true,148,901,1
1723,true,222,1278,6
1724,true,139,796,3
1725,true,95,570,1
1726,true,196,1208,6
1727,true,154,940,5
1728,true,125,788,7
1729,true,109,672,3
173,true,198,1179,3
1730,true,201,1224,3
1731,true,176,1101,6
1732,true,345,2182,3
1733,true,151,941,5
1734,true,94,634,5
1735,true,182,1116,3
1736,true,117,722,1
1737,true,129,760,2
1738,true,137,827,5
1739,true,98,547,5
174,true,130,766,5
1740,true,452,2776,3
1741,true,76,455,3
1742,true,112,725,5
1743,true,156,928,1
1744,true,132,787,3
1745,true,145,927,5
1746,true,424,2638,1
1747,true,170,1014,5
1748,true,222,1381,6
1749,true,198,1052,3
175,true,279,1601,3
1750,true,47,279,5
1751,true,105,705,1
1752,true,144,871,1
1753,true,117,707,2
1754,true,143,796,3
1755,true,111,701,5
1756,true,213,1223,3
1757,true,98,564,5
1758,true,340,2040,3
1759,true,110,666,1
176,true,518,3098,5
1760,true,96,555,5
1761,true,178,1118,5
1762,true,260,1554,3
1763,true,116,684,6
1764,true,242,1442,3
1765,true,237,1358,3
1766,true,82,553,1
1767,true,216,1327,1
1768,true,158,911,3
1769,true,168,1034,7
177,true,366,2340,1
1770,true,102,626,5
1771,true,130,778,1
1772,true,184,1194,4
1773,true,236,1424,5
1774,true,144,842,3
1775,true,122,790,1
1776,true,204,1255,6
1777,true,161,1010,5
1778,true,140,866,3
1779,true,124,716,3
178,true,352,2142,5
1780,true,154,893,6
1781,true,296,1797,5
1782,true,79,471,1
1783,true,222,1305,1
1784,true,180,1092,6
1785,true,98,610,3
1786,true,53,333,3
1787,true,136,841,6
1788,true,122,746,1
1789,true,197,1183,6
179,true,142,907,6
1790,true,80,511,1
1791,true,443,2696,0
1792,true,44,271,2
1793,true,95,592,2
1794,true,260,1526,1
1795,true,362,1950,3
1796,true,64,355,7
1797,true,362,2134,3
1798,true,199,1303,1
1799,true,65,368,2
18,true,187,1117,6
180,true,544,3175,4
1800,true,110,676,1
1801,true,673,3965,4
1802,true,161,1013,4
1803,true,154,895,2
1804,true,101,567,3
1805,true,132,889,2
1806,true,115,685,1
1807,true,241,1477,6
1808,true,166,1077,6
1809,true,115,666,1
181,true,202,1150,3
1810,true,83,506,2
1811,true,115,667,5
1812,true,215,1312,6
1813,true,155,922,1
1814,true,80,506,1
1815,true,95,567,1
1816,true,84,496,2
1817,true,158,931,3
1818,true,325,2005,0
1819,true,68,412,3
182,true,358,2102,6
1820,true,25,158,3
1821,true,156,995,6
1822,true,108,652,1
1823,true,135,817,4
1824,true,182,1118,6
1825,true,80,481,1
1826,true,24,160,0
1827,true,49,284,3
1828,true,153,876,2
1829,true,37,217,0
183,true,372,2205,1
1830,true,118,725,2
1831,true,263,1457,3
1832,true,82,486,1
1833,true,166,1057,1
1834,true,324,2083,6
1835,true,52,279,3
1836,true,266,1663,4
1837,true,245,1514,5
1838,true,172,992,2
1839,true,131,790,6
184,true,214,1271,3
1840,true,265,1627,4
1841,true,19,112,3
1842,true,76,480,3
1843,true,147,926,6
1844,true,184,1179,6
1845,true,105,667,6
1846,true,97,605,1
1847,true,186,1215,1
1848,true,121,737,1
1849,true,121,740,0
185,true,303,1869,4
1850,true,117,756,6
1851,true,150,902,1
1852,true,177,1005,4
1853,true,116,710,0
1854,true,243,1454,6
1855,true,101,625,0
1856,true,124,772,0
1857,true,243,1441,0
1858,true,22,152,0
1859,true,81,512,0
186,true,175,1061,5
1860,true,202,1158,3
1861,true,73,417,3
1862,true,95,550,3
1863,true,557,3177,3
1864,true,58,397,1
1865,true,190,1184,1
1866,true,122,673,3
1867,true,151,953,3
1868,true,101,639,6
1869,true,144,846,0
187,true,100,608,5
1870,true,120,744,3
1871,true,220,1288,0
1872,true,41,259,1
1873,true,327,1894,3
1874,true,152,918,1
1875,true,146,882,2
1876,true,90,578,3
1877,true,79,501,3
1878,true,199,1335,1
1879,true,58,342,1
188,true,234,1372,3
1880,true,71,474,0
1881,true,325,1885,1
1882,true,177,1079,4
1883,true,119,684,0
1884,true,113,686,4
1885,true,310,1912,3
1886,true,256,1636,3
1887,true,44,252,1
1888,true,48,329,5
1889,true,89,546,1
189,true,267,1679,3
1890,true,77,501,0
1891,true,47,277,0
1892,true,175,1003,3
1893,true,72,455,5
1894,true,133,857,3
1895,true,235,1405,3
1896,true,85,554,1
1897,true,60,324,3
1898,true,171,1024,7
1899,true,147,890,6
19,true,352,2157,5
